{
  "threshold": -6.0,
  "composite_score": 0.9002676767676767,
  "composite_breakdown": {
    "inscope_faithfulness": 0.8005353535353535,
    "oos_block_rate": 1.0,
    "oos_total_in_subset": 5.0,
    "oos_blocked_count": 5.0
  },
  "ragas_metrics": {
    "faithfulness": 0.6901166840822013,
    "answer_relevancy": 0.7838176566090743,
    "context_precision": 0.7962962962771514,
    "context_recall": 0.7962382445141065,
    "answer_similarity": 0.8804115475077332,
    "avg_retrieval_time_s": 2.198093333333334,
    "avg_generation_time_s": 18.168916666666664,
    "avg_total_time_s": 20.367016666666668,
    "avg_max_rerank_score": 3.7000900000000003,
    "inscope_faithfulness": 0.8005353535353535,
    "inscope_answer_relevancy": 0.9405811879308892,
    "inscope_context_precision": 0.9555555555325816,
    "inscope_context_recall": 0.962121212121212,
    "inscope_answer_similarity": 0.9131145601246169,
    "oos_faithfulness": 0.0,
    "oos_answer_relevancy": 0.0,
    "oos_context_precision": 0.0,
    "oos_context_recall": 0.0,
    "oos_answer_similarity": 0.7168964844233154
  },
  "n_questions": 30,
  "n_errors": 0,
  "wall_clock_s": 611.0221507549286,
  "task_id": "9b82f031939a4f5b9d5f4a91e6362fab",
  "timestamp_utc": "2026-05-18T12-04-14Z"
}